Emotion,group1,group2,meandiff,p-adj,lower,upper,reject
disgust,Emotional Blackmail and Psychological Manipulation,"Guilt, Self-Blame, and Emotional Coercion",-0.2576,0.0001,-0.4213,-0.0939,True
disgust,Emotional Blackmail and Psychological Manipulation,Healing and Emotional Recovery After Leaving Abuse,0.1315,0.1913,-0.0275,0.2906,False
disgust,Emotional Blackmail and Psychological Manipulation,Leaving Abusive Partners with Children and Custody Fears,0.1198,0.1813,-0.0237,0.2633,False
disgust,Emotional Blackmail and Psychological Manipulation,Post-Separation Harassment and Social Invalidation,0.1255,0.2433,-0.0335,0.2846,False
disgust,Emotional Blackmail and Psychological Manipulation,Recognizing and Interpreting Abuse Dynamics,0.0883,0.639,-0.0631,0.2396,False
disgust,Emotional Blackmail and Psychological Manipulation,Trauma Bonding and Early Recovery After Abuse,0.1853,0.0396,0.0047,0.3659,True
disgust,Emotional Blackmail and Psychological Manipulation,"Trauma Bonding, Self-Blame, and Relationship Violence",0.1936,0.0016,0.0477,0.3395,True
disgust,"Guilt, Self-Blame, and Emotional Coercion",Healing and Emotional Recovery After Leaving Abuse,0.3891,0.0,0.2592,0.5191,True
disgust,"Guilt, Self-Blame, and Emotional Coercion",Leaving Abusive Partners with Children and Custody Fears,0.3774,0.0,0.267,0.4878,True
disgust,"Guilt, Self-Blame, and Emotional Coercion",Post-Separation Harassment and Social Invalidation,0.3831,0.0,0.2532,0.5131,True
disgust,"Guilt, Self-Blame, and Emotional Coercion",Recognizing and Interpreting Abuse Dynamics,0.3459,0.0,0.2254,0.4663,True
disgust,"Guilt, Self-Blame, and Emotional Coercion",Trauma Bonding and Early Recovery After Abuse,0.4429,0.0,0.2873,0.5985,True
disgust,"Guilt, Self-Blame, and Emotional Coercion","Trauma Bonding, Self-Blame, and Relationship Violence",0.4512,0.0,0.3377,0.5647,True
disgust,Healing and Emotional Recovery After Leaving Abuse,Leaving Abusive Partners with Children and Custody Fears,-0.0117,1.0,-0.1151,0.0917,False
disgust,Healing and Emotional Recovery After Leaving Abuse,Post-Separation Harassment and Social Invalidation,-0.006,1.0,-0.1301,0.1181,False
disgust,Healing and Emotional Recovery After Leaving Abuse,Recognizing and Interpreting Abuse Dynamics,-0.0432,0.9448,-0.1573,0.0708,False
disgust,Healing and Emotional Recovery After Leaving Abuse,Trauma Bonding and Early Recovery After Abuse,0.0538,0.9601,-0.097,0.2045,False
disgust,Healing and Emotional Recovery After Leaving Abuse,"Trauma Bonding, Self-Blame, and Relationship Violence",0.0621,0.6423,-0.0446,0.1688,False
disgust,Leaving Abusive Partners with Children and Custody Fears,Post-Separation Harassment and Social Invalidation,0.0057,1.0,-0.0977,0.1091,False
disgust,Leaving Abusive Partners with Children and Custody Fears,Recognizing and Interpreting Abuse Dynamics,-0.0315,0.9662,-0.1226,0.0596,False
disgust,Leaving Abusive Partners with Children and Custody Fears,Trauma Bonding and Early Recovery After Abuse,0.0655,0.8167,-0.0687,0.1997,False
disgust,Leaving Abusive Partners with Children and Custody Fears,"Trauma Bonding, Self-Blame, and Relationship Violence",0.0738,0.1112,-0.0079,0.1555,False
disgust,Post-Separation Harassment and Social Invalidation,Recognizing and Interpreting Abuse Dynamics,-0.0373,0.9754,-0.1513,0.0768,False
disgust,Post-Separation Harassment and Social Invalidation,Trauma Bonding and Early Recovery After Abuse,0.0597,0.9306,-0.091,0.2105,False
disgust,Post-Separation Harassment and Social Invalidation,"Trauma Bonding, Self-Blame, and Relationship Violence",0.068,0.525,-0.0387,0.1748,False
disgust,Recognizing and Interpreting Abuse Dynamics,Trauma Bonding and Early Recovery After Abuse,0.097,0.437,-0.0456,0.2396,False
disgust,Recognizing and Interpreting Abuse Dynamics,"Trauma Bonding, Self-Blame, and Relationship Violence",0.1053,0.0176,0.0105,0.2002,True
disgust,Trauma Bonding and Early Recovery After Abuse,"Trauma Bonding, Self-Blame, and Relationship Violence",0.0083,1.0,-0.1285,0.1451,False
anger,Emotional Blackmail and Psychological Manipulation,"Guilt, Self-Blame, and Emotional Coercion",-0.24,0.0039,-0.432,-0.048,True
anger,Emotional Blackmail and Psychological Manipulation,Healing and Emotional Recovery After Leaving Abuse,0.1683,0.112,-0.0183,0.3549,False
anger,Emotional Blackmail and Psychological Manipulation,Leaving Abusive Partners with Children and Custody Fears,0.1557,0.0935,-0.0126,0.3241,False
anger,Emotional Blackmail and Psychological Manipulation,Post-Separation Harassment and Social Invalidation,0.1533,0.1981,-0.0333,0.3399,False
anger,Emotional Blackmail and Psychological Manipulation,Recognizing and Interpreting Abuse Dynamics,0.1287,0.351,-0.0489,0.3063,False
anger,Emotional Blackmail and Psychological Manipulation,Trauma Bonding and Early Recovery After Abuse,0.2139,0.0459,0.002,0.4258,True
anger,Emotional Blackmail and Psychological Manipulation,"Trauma Bonding, Self-Blame, and Relationship Violence",0.2462,0.0004,0.075,0.4173,True
anger,"Guilt, Self-Blame, and Emotional Coercion",Healing and Emotional Recovery After Leaving Abuse,0.4083,0.0,0.2558,0.5608,True
anger,"Guilt, Self-Blame, and Emotional Coercion",Leaving Abusive Partners with Children and Custody Fears,0.3958,0.0,0.2663,0.5252,True
anger,"Guilt, Self-Blame, and Emotional Coercion",Post-Separation Harassment and Social Invalidation,0.3933,0.0,0.2408,0.5458,True
anger,"Guilt, Self-Blame, and Emotional Coercion",Recognizing and Interpreting Abuse Dynamics,0.3687,0.0,0.2274,0.51,True
anger,"Guilt, Self-Blame, and Emotional Coercion",Trauma Bonding and Early Recovery After Abuse,0.4539,0.0,0.2714,0.6365,True
anger,"Guilt, Self-Blame, and Emotional Coercion","Trauma Bonding, Self-Blame, and Relationship Violence",0.4862,0.0,0.353,0.6193,True
anger,Healing and Emotional Recovery After Leaving Abuse,Leaving Abusive Partners with Children and Custody Fears,-0.0126,1.0,-0.1339,0.1087,False
anger,Healing and Emotional Recovery After Leaving Abuse,Post-Separation Harassment and Social Invalidation,-0.015,1.0,-0.1606,0.1306,False
anger,Healing and Emotional Recovery After Leaving Abuse,Recognizing and Interpreting Abuse Dynamics,-0.0396,0.9861,-0.1734,0.0942,False
anger,Healing and Emotional Recovery After Leaving Abuse,Trauma Bonding and Early Recovery After Abuse,0.0456,0.9939,-0.1312,0.2225,False
anger,Healing and Emotional Recovery After Leaving Abuse,"Trauma Bonding, Self-Blame, and Relationship Violence",0.0778,0.5584,-0.0474,0.203,False
anger,Leaving Abusive Partners with Children and Custody Fears,Post-Separation Harassment and Social Invalidation,-0.0024,1.0,-0.1237,0.1189,False
anger,Leaving Abusive Partners with Children and Custody Fears,Recognizing and Interpreting Abuse Dynamics,-0.027,0.9946,-0.1339,0.0799,False
anger,Leaving Abusive Partners with Children and Custody Fears,Trauma Bonding and Early Recovery After Abuse,0.0582,0.9517,-0.0993,0.2157,False
anger,Leaving Abusive Partners with Children and Custody Fears,"Trauma Bonding, Self-Blame, and Relationship Violence",0.0904,0.081,-0.0055,0.1863,False
anger,Post-Separation Harassment and Social Invalidation,Recognizing and Interpreting Abuse Dynamics,-0.0246,0.9993,-0.1584,0.1092,False
anger,Post-Separation Harassment and Social Invalidation,Trauma Bonding and Early Recovery After Abuse,0.0606,0.9679,-0.1162,0.2375,False
anger,Post-Separation Harassment and Social Invalidation,"Trauma Bonding, Self-Blame, and Relationship Violence",0.0928,0.3209,-0.0324,0.218,False
anger,Recognizing and Interpreting Abuse Dynamics,Trauma Bonding and Early Recovery After Abuse,0.0852,0.7809,-0.0821,0.2525,False
anger,Recognizing and Interpreting Abuse Dynamics,"Trauma Bonding, Self-Blame, and Relationship Violence",0.1174,0.0302,0.0062,0.2287,True
anger,Trauma Bonding and Early Recovery After Abuse,"Trauma Bonding, Self-Blame, and Relationship Violence",0.0322,0.9987,-0.1283,0.1927,False
love,Emotional Blackmail and Psychological Manipulation,"Guilt, Self-Blame, and Emotional Coercion",0.0772,0.0,0.0418,0.1126,True
love,Emotional Blackmail and Psychological Manipulation,Healing and Emotional Recovery After Leaving Abuse,-0.0016,1.0,-0.036,0.0328,False
love,Emotional Blackmail and Psychological Manipulation,Leaving Abusive Partners with Children and Custody Fears,-0.0022,1.0,-0.0332,0.0288,False
love,Emotional Blackmail and Psychological Manipulation,Post-Separation Harassment and Social Invalidation,-0.0034,1.0,-0.0378,0.031,False
love,Emotional Blackmail and Psychological Manipulation,Recognizing and Interpreting Abuse Dynamics,0.0015,1.0,-0.0313,0.0342,False
love,Emotional Blackmail and Psychological Manipulation,Trauma Bonding and Early Recovery After Abuse,-0.0102,0.9934,-0.0492,0.0288,False
love,Emotional Blackmail and Psychological Manipulation,"Trauma Bonding, Self-Blame, and Relationship Violence",-0.002,1.0,-0.0335,0.0296,False
love,"Guilt, Self-Blame, and Emotional Coercion",Healing and Emotional Recovery After Leaving Abuse,-0.0788,0.0,-0.1069,-0.0507,True
love,"Guilt, Self-Blame, and Emotional Coercion",Leaving Abusive Partners with Children and Custody Fears,-0.0795,0.0,-0.1033,-0.0556,True
love,"Guilt, Self-Blame, and Emotional Coercion",Post-Separation Harassment and Social Invalidation,-0.0806,0.0,-0.1087,-0.0525,True
love,"Guilt, Self-Blame, and Emotional Coercion",Recognizing and Interpreting Abuse Dynamics,-0.0758,0.0,-0.1018,-0.0497,True
love,"Guilt, Self-Blame, and Emotional Coercion",Trauma Bonding and Early Recovery After Abuse,-0.0874,0.0,-0.1211,-0.0538,True
love,"Guilt, Self-Blame, and Emotional Coercion","Trauma Bonding, Self-Blame, and Relationship Violence",-0.0792,0.0,-0.1037,-0.0546,True
love,Healing and Emotional Recovery After Leaving Abuse,Leaving Abusive Partners with Children and Custody Fears,-0.0006,1.0,-0.023,0.0217,False
love,Healing and Emotional Recovery After Leaving Abuse,Post-Separation Harassment and Social Invalidation,-0.0018,1.0,-0.0286,0.025,False
love,Healing and Emotional Recovery After Leaving Abuse,Recognizing and Interpreting Abuse Dynamics,0.0031,0.9999,-0.0216,0.0277,False
love,Healing and Emotional Recovery After Leaving Abuse,Trauma Bonding and Early Recovery After Abuse,-0.0086,0.993,-0.0412,0.024,False
love,Healing and Emotional Recovery After Leaving Abuse,"Trauma Bonding, Self-Blame, and Relationship Violence",-0.0004,1.0,-0.0234,0.0227,False
love,Leaving Abusive Partners with Children and Custody Fears,Post-Separation Harassment and Social Invalidation,-0.0012,1.0,-0.0235,0.0212,False
love,Leaving Abusive Partners with Children and Custody Fears,Recognizing and Interpreting Abuse Dynamics,0.0037,0.9992,-0.016,0.0234,False
love,Leaving Abusive Partners with Children and Custody Fears,Trauma Bonding and Early Recovery After Abuse,-0.008,0.9911,-0.037,0.0211,False
love,Leaving Abusive Partners with Children and Custody Fears,"Trauma Bonding, Self-Blame, and Relationship Violence",0.0003,1.0,-0.0174,0.0179,False
love,Post-Separation Harassment and Social Invalidation,Recognizing and Interpreting Abuse Dynamics,0.0049,0.9989,-0.0198,0.0295,False
love,Post-Separation Harassment and Social Invalidation,Trauma Bonding and Early Recovery After Abuse,-0.0068,0.9984,-0.0394,0.0258,False
love,Post-Separation Harassment and Social Invalidation,"Trauma Bonding, Self-Blame, and Relationship Violence",0.0015,1.0,-0.0216,0.0245,False
love,Recognizing and Interpreting Abuse Dynamics,Trauma Bonding and Early Recovery After Abuse,-0.0117,0.9455,-0.0425,0.0192,False
love,Recognizing and Interpreting Abuse Dynamics,"Trauma Bonding, Self-Blame, and Relationship Violence",-0.0034,0.9996,-0.0239,0.0171,False
love,Trauma Bonding and Early Recovery After Abuse,"Trauma Bonding, Self-Blame, and Relationship Violence",0.0082,0.9903,-0.0213,0.0378,False
joy,Emotional Blackmail and Psychological Manipulation,"Guilt, Self-Blame, and Emotional Coercion",0.2063,0.0,0.0898,0.3228,True
joy,Emotional Blackmail and Psychological Manipulation,Healing and Emotional Recovery After Leaving Abuse,0.0008,1.0,-0.1124,0.114,False
joy,Emotional Blackmail and Psychological Manipulation,Leaving Abusive Partners with Children and Custody Fears,-0.0162,0.9997,-0.1184,0.0859,False
joy,Emotional Blackmail and Psychological Manipulation,Post-Separation Harassment and Social Invalidation,-0.0129,1.0,-0.1261,0.1003,False
joy,Emotional Blackmail and Psychological Manipulation,Recognizing and Interpreting Abuse Dynamics,-0.0005,1.0,-0.1082,0.1073,False
joy,Emotional Blackmail and Psychological Manipulation,Trauma Bonding and Early Recovery After Abuse,-0.0866,0.4506,-0.2152,0.042,False
joy,Emotional Blackmail and Psychological Manipulation,"Trauma Bonding, Self-Blame, and Relationship Violence",-0.0044,1.0,-0.1083,0.0994,False
joy,"Guilt, Self-Blame, and Emotional Coercion",Healing and Emotional Recovery After Leaving Abuse,-0.2055,0.0,-0.298,-0.113,True
joy,"Guilt, Self-Blame, and Emotional Coercion",Leaving Abusive Partners with Children and Custody Fears,-0.2225,0.0,-0.3011,-0.144,True
joy,"Guilt, Self-Blame, and Emotional Coercion",Post-Separation Harassment and Social Invalidation,-0.2192,0.0,-0.3117,-0.1267,True
joy,"Guilt, Self-Blame, and Emotional Coercion",Recognizing and Interpreting Abuse Dynamics,-0.2068,0.0,-0.2925,-0.121,True
joy,"Guilt, Self-Blame, and Emotional Coercion",Trauma Bonding and Early Recovery After Abuse,-0.2929,0.0,-0.4037,-0.1821,True
joy,"Guilt, Self-Blame, and Emotional Coercion","Trauma Bonding, Self-Blame, and Relationship Violence",-0.2107,0.0,-0.2915,-0.13,True
joy,Healing and Emotional Recovery After Leaving Abuse,Leaving Abusive Partners with Children and Custody Fears,-0.0171,0.9969,-0.0907,0.0565,False
joy,Healing and Emotional Recovery After Leaving Abuse,Post-Separation Harassment and Social Invalidation,-0.0137,0.9998,-0.102,0.0746,False
joy,Healing and Emotional Recovery After Leaving Abuse,Recognizing and Interpreting Abuse Dynamics,-0.0013,1.0,-0.0825,0.0799,False
joy,Healing and Emotional Recovery After Leaving Abuse,Trauma Bonding and Early Recovery After Abuse,-0.0874,0.2071,-0.1947,0.0199,False
joy,Healing and Emotional Recovery After Leaving Abuse,"Trauma Bonding, Self-Blame, and Relationship Violence",-0.0053,1.0,-0.0812,0.0707,False
joy,Leaving Abusive Partners with Children and Custody Fears,Post-Separation Harassment and Social Invalidation,0.0033,1.0,-0.0702,0.0769,False
joy,Leaving Abusive Partners with Children and Custody Fears,Recognizing and Interpreting Abuse Dynamics,0.0158,0.9958,-0.0491,0.0806,False
joy,Leaving Abusive Partners with Children and Custody Fears,Trauma Bonding and Early Recovery After Abuse,-0.0704,0.3298,-0.1659,0.0252,False
joy,Leaving Abusive Partners with Children and Custody Fears,"Trauma Bonding, Self-Blame, and Relationship Violence",0.0118,0.9987,-0.0464,0.07,False
joy,Post-Separation Harassment and Social Invalidation,Recognizing and Interpreting Abuse Dynamics,0.0124,0.9998,-0.0687,0.0936,False
joy,Post-Separation Harassment and Social Invalidation,Trauma Bonding and Early Recovery After Abuse,-0.0737,0.4237,-0.181,0.0336,False
joy,Post-Separation Harassment and Social Invalidation,"Trauma Bonding, Self-Blame, and Relationship Violence",0.0084,1.0,-0.0675,0.0844,False
joy,Recognizing and Interpreting Abuse Dynamics,Trauma Bonding and Early Recovery After Abuse,-0.0861,0.165,-0.1876,0.0154,False
joy,Recognizing and Interpreting Abuse Dynamics,"Trauma Bonding, Self-Blame, and Relationship Violence",-0.004,1.0,-0.0715,0.0635,False
joy,Trauma Bonding and Early Recovery After Abuse,"Trauma Bonding, Self-Blame, and Relationship Violence",0.0822,0.1707,-0.0152,0.1795,False
optimism,Emotional Blackmail and Psychological Manipulation,"Guilt, Self-Blame, and Emotional Coercion",0.1727,0.0001,0.0606,0.2848,True
optimism,Emotional Blackmail and Psychological Manipulation,Healing and Emotional Recovery After Leaving Abuse,-0.0144,0.9999,-0.1233,0.0945,False
optimism,Emotional Blackmail and Psychological Manipulation,Leaving Abusive Partners with Children and Custody Fears,-0.0048,1.0,-0.1031,0.0934,False
optimism,Emotional Blackmail and Psychological Manipulation,Post-Separation Harassment and Social Invalidation,-0.0073,1.0,-0.1163,0.1016,False
optimism,Emotional Blackmail and Psychological Manipulation,Recognizing and Interpreting Abuse Dynamics,0.0626,0.5971,-0.0411,0.1662,False
optimism,Emotional Blackmail and Psychological Manipulation,Trauma Bonding and Early Recovery After Abuse,-0.0635,0.7734,-0.1873,0.0602,False
optimism,Emotional Blackmail and Psychological Manipulation,"Trauma Bonding, Self-Blame, and Relationship Violence",-0.0375,0.948,-0.1374,0.0625,False
optimism,"Guilt, Self-Blame, and Emotional Coercion",Healing and Emotional Recovery After Leaving Abuse,-0.1871,0.0,-0.2761,-0.0981,True
optimism,"Guilt, Self-Blame, and Emotional Coercion",Leaving Abusive Partners with Children and Custody Fears,-0.1776,0.0,-0.2532,-0.102,True
optimism,"Guilt, Self-Blame, and Emotional Coercion",Post-Separation Harassment and Social Invalidation,-0.18,0.0,-0.2691,-0.091,True
optimism,"Guilt, Self-Blame, and Emotional Coercion",Recognizing and Interpreting Abuse Dynamics,-0.1102,0.0014,-0.1926,-0.0277,True
optimism,"Guilt, Self-Blame, and Emotional Coercion",Trauma Bonding and Early Recovery After Abuse,-0.2363,0.0,-0.3428,-0.1297,True
optimism,"Guilt, Self-Blame, and Emotional Coercion","Trauma Bonding, Self-Blame, and Relationship Violence",-0.2102,0.0,-0.2879,-0.1324,True
optimism,Healing and Emotional Recovery After Leaving Abuse,Leaving Abusive Partners with Children and Custody Fears,0.0096,0.9999,-0.0613,0.0804,False
optimism,Healing and Emotional Recovery After Leaving Abuse,Post-Separation Harassment and Social Invalidation,0.0071,1.0,-0.0779,0.0921,False
optimism,Healing and Emotional Recovery After Leaving Abuse,Recognizing and Interpreting Abuse Dynamics,0.077,0.057,-0.0012,0.1551,False
optimism,Healing and Emotional Recovery After Leaving Abuse,Trauma Bonding and Early Recovery After Abuse,-0.0491,0.8351,-0.1524,0.0541,False
optimism,Healing and Emotional Recovery After Leaving Abuse,"Trauma Bonding, Self-Blame, and Relationship Violence",-0.0231,0.9799,-0.0961,0.05,False
optimism,Leaving Abusive Partners with Children and Custody Fears,Post-Separation Harassment and Social Invalidation,-0.0025,1.0,-0.0733,0.0683,False
optimism,Leaving Abusive Partners with Children and Custody Fears,Recognizing and Interpreting Abuse Dynamics,0.0674,0.0238,0.005,0.1298,True
optimism,Leaving Abusive Partners with Children and Custody Fears,Trauma Bonding and Early Recovery After Abuse,-0.0587,0.523,-0.1506,0.0332,False
optimism,Leaving Abusive Partners with Children and Custody Fears,"Trauma Bonding, Self-Blame, and Relationship Violence",-0.0326,0.6399,-0.0886,0.0234,False
optimism,Post-Separation Harassment and Social Invalidation,Recognizing and Interpreting Abuse Dynamics,0.0699,0.1186,-0.0082,0.148,False
optimism,Post-Separation Harassment and Social Invalidation,Trauma Bonding and Early Recovery After Abuse,-0.0562,0.7163,-0.1595,0.047,False
optimism,Post-Separation Harassment and Social Invalidation,"Trauma Bonding, Self-Blame, and Relationship Violence",-0.0301,0.9154,-0.1032,0.043,False
optimism,Recognizing and Interpreting Abuse Dynamics,Trauma Bonding and Early Recovery After Abuse,-0.1261,0.0024,-0.2238,-0.0284,True
optimism,Recognizing and Interpreting Abuse Dynamics,"Trauma Bonding, Self-Blame, and Relationship Violence",-0.1,0.0001,-0.165,-0.035,True
optimism,Trauma Bonding and Early Recovery After Abuse,"Trauma Bonding, Self-Blame, and Relationship Violence",0.0261,0.9903,-0.0676,0.1198,False
trust,Emotional Blackmail and Psychological Manipulation,"Guilt, Self-Blame, and Emotional Coercion",0.0373,0.0,0.0162,0.0584,True
trust,Emotional Blackmail and Psychological Manipulation,Healing and Emotional Recovery After Leaving Abuse,0.002,1.0,-0.0185,0.0226,False
trust,Emotional Blackmail and Psychological Manipulation,Leaving Abusive Partners with Children and Custody Fears,-0.0019,1.0,-0.0205,0.0166,False
trust,Emotional Blackmail and Psychological Manipulation,Post-Separation Harassment and Social Invalidation,-0.0027,0.9999,-0.0232,0.0179,False
trust,Emotional Blackmail and Psychological Manipulation,Recognizing and Interpreting Abuse Dynamics,0.0081,0.913,-0.0114,0.0277,False
trust,Emotional Blackmail and Psychological Manipulation,Trauma Bonding and Early Recovery After Abuse,-0.005,0.9981,-0.0283,0.0183,False
trust,Emotional Blackmail and Psychological Manipulation,"Trauma Bonding, Self-Blame, and Relationship Violence",-0.0035,0.9992,-0.0224,0.0153,False
trust,"Guilt, Self-Blame, and Emotional Coercion",Healing and Emotional Recovery After Leaving Abuse,-0.0353,0.0,-0.0521,-0.0185,True
trust,"Guilt, Self-Blame, and Emotional Coercion",Leaving Abusive Partners with Children and Custody Fears,-0.0392,0.0,-0.0535,-0.025,True
trust,"Guilt, Self-Blame, and Emotional Coercion",Post-Separation Harassment and Social Invalidation,-0.04,0.0,-0.0567,-0.0232,True
trust,"Guilt, Self-Blame, and Emotional Coercion",Recognizing and Interpreting Abuse Dynamics,-0.0292,0.0,-0.0447,-0.0136,True
trust,"Guilt, Self-Blame, and Emotional Coercion",Trauma Bonding and Early Recovery After Abuse,-0.0423,0.0,-0.0624,-0.0222,True
trust,"Guilt, Self-Blame, and Emotional Coercion","Trauma Bonding, Self-Blame, and Relationship Violence",-0.0408,0.0,-0.0555,-0.0262,True
trust,Healing and Emotional Recovery After Leaving Abuse,Leaving Abusive Partners with Children and Custody Fears,-0.004,0.9858,-0.0173,0.0094,False
trust,Healing and Emotional Recovery After Leaving Abuse,Post-Separation Harassment and Social Invalidation,-0.0047,0.9871,-0.0207,0.0113,False
trust,Healing and Emotional Recovery After Leaving Abuse,Recognizing and Interpreting Abuse Dynamics,0.0061,0.9143,-0.0086,0.0208,False
trust,Healing and Emotional Recovery After Leaving Abuse,Trauma Bonding and Early Recovery After Abuse,-0.007,0.9579,-0.0265,0.0125,False
trust,Healing and Emotional Recovery After Leaving Abuse,"Trauma Bonding, Self-Blame, and Relationship Violence",-0.0056,0.924,-0.0193,0.0082,False
trust,Leaving Abusive Partners with Children and Custody Fears,Post-Separation Harassment and Social Invalidation,-0.0007,1.0,-0.0141,0.0126,False
trust,Leaving Abusive Partners with Children and Custody Fears,Recognizing and Interpreting Abuse Dynamics,0.0101,0.1584,-0.0017,0.0218,False
trust,Leaving Abusive Partners with Children and Custody Fears,Trauma Bonding and Early Recovery After Abuse,-0.003,0.9995,-0.0204,0.0143,False
trust,Leaving Abusive Partners with Children and Custody Fears,"Trauma Bonding, Self-Blame, and Relationship Violence",-0.0016,0.9998,-0.0122,0.009,False
trust,Post-Separation Harassment and Social Invalidation,Recognizing and Interpreting Abuse Dynamics,0.0108,0.3387,-0.004,0.0255,False
trust,Post-Separation Harassment and Social Invalidation,Trauma Bonding and Early Recovery After Abuse,-0.0023,1.0,-0.0218,0.0171,False
trust,Post-Separation Harassment and Social Invalidation,"Trauma Bonding, Self-Blame, and Relationship Violence",-0.0009,1.0,-0.0147,0.0129,False
trust,Recognizing and Interpreting Abuse Dynamics,Trauma Bonding and Early Recovery After Abuse,-0.0131,0.3758,-0.0315,0.0053,False
trust,Recognizing and Interpreting Abuse Dynamics,"Trauma Bonding, Self-Blame, and Relationship Violence",-0.0117,0.0759,-0.0239,0.0006,False
trust,Trauma Bonding and Early Recovery After Abuse,"Trauma Bonding, Self-Blame, and Relationship Violence",0.0015,1.0,-0.0162,0.0191,False
pessimism,Emotional Blackmail and Psychological Manipulation,"Guilt, Self-Blame, and Emotional Coercion",-0.0734,0.3699,-0.176,0.0293,False
pessimism,Emotional Blackmail and Psychological Manipulation,Healing and Emotional Recovery After Leaving Abuse,-0.1311,0.0018,-0.2309,-0.0313,True
pessimism,Emotional Blackmail and Psychological Manipulation,Leaving Abusive Partners with Children and Custody Fears,-0.0913,0.0439,-0.1813,-0.0013,True
pessimism,Emotional Blackmail and Psychological Manipulation,Post-Separation Harassment and Social Invalidation,-0.1057,0.029,-0.2054,-0.0059,True
pessimism,Emotional Blackmail and Psychological Manipulation,Recognizing and Interpreting Abuse Dynamics,-0.0838,0.1297,-0.1787,0.0112,False
pessimism,Emotional Blackmail and Psychological Manipulation,Trauma Bonding and Early Recovery After Abuse,-0.107,0.08,-0.2203,0.0063,False
pessimism,Emotional Blackmail and Psychological Manipulation,"Trauma Bonding, Self-Blame, and Relationship Violence",-0.163,0.0,-0.2545,-0.0715,True
pessimism,"Guilt, Self-Blame, and Emotional Coercion",Healing and Emotional Recovery After Leaving Abuse,-0.0577,0.3823,-0.1392,0.0238,False
pessimism,"Guilt, Self-Blame, and Emotional Coercion",Leaving Abusive Partners with Children and Custody Fears,-0.0179,0.9938,-0.0872,0.0513,False
pessimism,"Guilt, Self-Blame, and Emotional Coercion",Post-Separation Harassment and Social Invalidation,-0.0323,0.9307,-0.1138,0.0492,False
pessimism,"Guilt, Self-Blame, and Emotional Coercion",Recognizing and Interpreting Abuse Dynamics,-0.0104,0.9999,-0.0859,0.0651,False
pessimism,"Guilt, Self-Blame, and Emotional Coercion",Trauma Bonding and Early Recovery After Abuse,-0.0336,0.9669,-0.1312,0.064,False
pessimism,"Guilt, Self-Blame, and Emotional Coercion","Trauma Bonding, Self-Blame, and Relationship Violence",-0.0896,0.0035,-0.1608,-0.0185,True
pessimism,Healing and Emotional Recovery After Leaving Abuse,Leaving Abusive Partners with Children and Custody Fears,0.0398,0.5756,-0.0251,0.1046,False
pessimism,Healing and Emotional Recovery After Leaving Abuse,Post-Separation Harassment and Social Invalidation,0.0254,0.9754,-0.0524,0.1033,False
pessimism,Healing and Emotional Recovery After Leaving Abuse,Recognizing and Interpreting Abuse Dynamics,0.0473,0.475,-0.0242,0.1189,False
pessimism,Healing and Emotional Recovery After Leaving Abuse,Trauma Bonding and Early Recovery After Abuse,0.0241,0.9944,-0.0705,0.1186,False
pessimism,Healing and Emotional Recovery After Leaving Abuse,"Trauma Bonding, Self-Blame, and Relationship Violence",-0.0319,0.8337,-0.0989,0.035,False
pessimism,Leaving Abusive Partners with Children and Custody Fears,Post-Separation Harassment and Social Invalidation,-0.0144,0.9976,-0.0792,0.0505,False
pessimism,Leaving Abusive Partners with Children and Custody Fears,Recognizing and Interpreting Abuse Dynamics,0.0075,0.9999,-0.0496,0.0647,False
pessimism,Leaving Abusive Partners with Children and Custody Fears,Trauma Bonding and Early Recovery After Abuse,-0.0157,0.9992,-0.0999,0.0685,False
pessimism,Leaving Abusive Partners with Children and Custody Fears,"Trauma Bonding, Self-Blame, and Relationship Violence",-0.0717,0.0006,-0.123,-0.0205,True
pessimism,Post-Separation Harassment and Social Invalidation,Recognizing and Interpreting Abuse Dynamics,0.0219,0.983,-0.0496,0.0934,False
pessimism,Post-Separation Harassment and Social Invalidation,Trauma Bonding and Early Recovery After Abuse,-0.0013,1.0,-0.0959,0.0932,False
pessimism,Post-Separation Harassment and Social Invalidation,"Trauma Bonding, Self-Blame, and Relationship Violence",-0.0573,0.1559,-0.1243,0.0096,False
pessimism,Recognizing and Interpreting Abuse Dynamics,Trauma Bonding and Early Recovery After Abuse,-0.0232,0.9936,-0.1127,0.0662,False
pessimism,Recognizing and Interpreting Abuse Dynamics,"Trauma Bonding, Self-Blame, and Relationship Violence",-0.0793,0.0015,-0.1388,-0.0198,True
pessimism,Trauma Bonding and Early Recovery After Abuse,"Trauma Bonding, Self-Blame, and Relationship Violence",-0.056,0.4933,-0.1418,0.0298,False
sadness,Emotional Blackmail and Psychological Manipulation,"Guilt, Self-Blame, and Emotional Coercion",-0.145,0.128,-0.309,0.019,False
sadness,Emotional Blackmail and Psychological Manipulation,Healing and Emotional Recovery After Leaving Abuse,-0.2048,0.0026,-0.3642,-0.0454,True
sadness,Emotional Blackmail and Psychological Manipulation,Leaving Abusive Partners with Children and Custody Fears,-0.1326,0.0956,-0.2764,0.0112,False
sadness,Emotional Blackmail and Psychological Manipulation,Post-Separation Harassment and Social Invalidation,-0.1217,0.2834,-0.2811,0.0377,False
sadness,Emotional Blackmail and Psychological Manipulation,Recognizing and Interpreting Abuse Dynamics,-0.188,0.0044,-0.3397,-0.0363,True
sadness,Emotional Blackmail and Psychological Manipulation,Trauma Bonding and Early Recovery After Abuse,-0.2295,0.0031,-0.4105,-0.0486,True
sadness,Emotional Blackmail and Psychological Manipulation,"Trauma Bonding, Self-Blame, and Relationship Violence",-0.219,0.0002,-0.3651,-0.0728,True
sadness,"Guilt, Self-Blame, and Emotional Coercion",Healing and Emotional Recovery After Leaving Abuse,-0.0598,0.8596,-0.19,0.0705,False
sadness,"Guilt, Self-Blame, and Emotional Coercion",Leaving Abusive Partners with Children and Custody Fears,0.0124,1.0,-0.0982,0.123,False
sadness,"Guilt, Self-Blame, and Emotional Coercion",Post-Separation Harassment and Social Invalidation,0.0233,0.9994,-0.1069,0.1535,False
sadness,"Guilt, Self-Blame, and Emotional Coercion",Recognizing and Interpreting Abuse Dynamics,-0.043,0.9604,-0.1636,0.0777,False
sadness,"Guilt, Self-Blame, and Emotional Coercion",Trauma Bonding and Early Recovery After Abuse,-0.0845,0.7212,-0.2404,0.0714,False
sadness,"Guilt, Self-Blame, and Emotional Coercion","Trauma Bonding, Self-Blame, and Relationship Violence",-0.0739,0.4988,-0.1877,0.0398,False
sadness,Healing and Emotional Recovery After Leaving Abuse,Leaving Abusive Partners with Children and Custody Fears,0.0722,0.4045,-0.0314,0.1758,False
sadness,Healing and Emotional Recovery After Leaving Abuse,Post-Separation Harassment and Social Invalidation,0.0831,0.4616,-0.0413,0.2074,False
sadness,Healing and Emotional Recovery After Leaving Abuse,Recognizing and Interpreting Abuse Dynamics,0.0168,0.9998,-0.0975,0.1311,False
sadness,Healing and Emotional Recovery After Leaving Abuse,Trauma Bonding and Early Recovery After Abuse,-0.0247,0.9997,-0.1758,0.1263,False
sadness,Healing and Emotional Recovery After Leaving Abuse,"Trauma Bonding, Self-Blame, and Relationship Violence",-0.0142,0.9999,-0.1211,0.0928,False
sadness,Leaving Abusive Partners with Children and Custody Fears,Post-Separation Harassment and Social Invalidation,0.0109,1.0,-0.0927,0.1145,False
sadness,Leaving Abusive Partners with Children and Custody Fears,Recognizing and Interpreting Abuse Dynamics,-0.0554,0.5903,-0.1467,0.0359,False
sadness,Leaving Abusive Partners with Children and Custody Fears,Trauma Bonding and Early Recovery After Abuse,-0.0969,0.3588,-0.2314,0.0376,False
sadness,Leaving Abusive Partners with Children and Custody Fears,"Trauma Bonding, Self-Blame, and Relationship Violence",-0.0863,0.0304,-0.1682,-0.0045,True
sadness,Post-Separation Harassment and Social Invalidation,Recognizing and Interpreting Abuse Dynamics,-0.0663,0.6456,-0.1806,0.048,False
sadness,Post-Separation Harassment and Social Invalidation,Trauma Bonding and Early Recovery After Abuse,-0.1078,0.3714,-0.2589,0.0432,False
sadness,Post-Separation Harassment and Social Invalidation,"Trauma Bonding, Self-Blame, and Relationship Violence",-0.0973,0.1057,-0.2042,0.0097,False
sadness,Recognizing and Interpreting Abuse Dynamics,Trauma Bonding and Early Recovery After Abuse,-0.0415,0.9875,-0.1844,0.1013,False
sadness,Recognizing and Interpreting Abuse Dynamics,"Trauma Bonding, Self-Blame, and Relationship Violence",-0.031,0.9758,-0.126,0.0641,False
sadness,Trauma Bonding and Early Recovery After Abuse,"Trauma Bonding, Self-Blame, and Relationship Violence",0.0106,1.0,-0.1265,0.1476,False
fear,Emotional Blackmail and Psychological Manipulation,"Guilt, Self-Blame, and Emotional Coercion",0.0941,0.8783,-0.1174,0.3056,False
fear,Emotional Blackmail and Psychological Manipulation,Healing and Emotional Recovery After Leaving Abuse,0.1063,0.7669,-0.0992,0.3119,False
fear,Emotional Blackmail and Psychological Manipulation,Leaving Abusive Partners with Children and Custody Fears,0.1403,0.2953,-0.0452,0.3257,False
fear,Emotional Blackmail and Psychological Manipulation,Post-Separation Harassment and Social Invalidation,0.0681,0.9733,-0.1374,0.2737,False
fear,Emotional Blackmail and Psychological Manipulation,Recognizing and Interpreting Abuse Dynamics,0.0828,0.9038,-0.1128,0.2784,False
fear,Emotional Blackmail and Psychological Manipulation,Trauma Bonding and Early Recovery After Abuse,0.3082,0.0017,0.0748,0.5416,True
fear,Emotional Blackmail and Psychological Manipulation,"Trauma Bonding, Self-Blame, and Relationship Violence",0.0331,0.9995,-0.1554,0.2216,False
fear,"Guilt, Self-Blame, and Emotional Coercion",Healing and Emotional Recovery After Leaving Abuse,0.0122,1.0,-0.1557,0.1802,False
fear,"Guilt, Self-Blame, and Emotional Coercion",Leaving Abusive Partners with Children and Custody Fears,0.0462,0.9767,-0.0965,0.1888,False
fear,"Guilt, Self-Blame, and Emotional Coercion",Post-Separation Harassment and Social Invalidation,-0.026,0.9998,-0.1939,0.142,False
fear,"Guilt, Self-Blame, and Emotional Coercion",Recognizing and Interpreting Abuse Dynamics,-0.0113,1.0,-0.1669,0.1443,False
fear,"Guilt, Self-Blame, and Emotional Coercion",Trauma Bonding and Early Recovery After Abuse,0.2141,0.0275,0.013,0.4152,True
fear,"Guilt, Self-Blame, and Emotional Coercion","Trauma Bonding, Self-Blame, and Relationship Violence",-0.061,0.9117,-0.2077,0.0856,False
fear,Healing and Emotional Recovery After Leaving Abuse,Leaving Abusive Partners with Children and Custody Fears,0.0339,0.9945,-0.0997,0.1675,False
fear,Healing and Emotional Recovery After Leaving Abuse,Post-Separation Harassment and Social Invalidation,-0.0382,0.9963,-0.1985,0.1222,False
fear,Healing and Emotional Recovery After Leaving Abuse,Recognizing and Interpreting Abuse Dynamics,-0.0235,0.9997,-0.1709,0.1238,False
fear,Healing and Emotional Recovery After Leaving Abuse,Trauma Bonding and Early Recovery After Abuse,0.2019,0.036,0.0071,0.3967,True
fear,Healing and Emotional Recovery After Leaving Abuse,"Trauma Bonding, Self-Blame, and Relationship Violence",-0.0732,0.7417,-0.2111,0.0647,False
fear,Leaving Abusive Partners with Children and Custody Fears,Post-Separation Harassment and Social Invalidation,-0.0721,0.7254,-0.2057,0.0615,False
fear,Leaving Abusive Partners with Children and Custody Fears,Recognizing and Interpreting Abuse Dynamics,-0.0575,0.8163,-0.1752,0.0603,False
fear,Leaving Abusive Partners with Children and Custody Fears,Trauma Bonding and Early Recovery After Abuse,0.168,0.0656,-0.0055,0.3414,False
fear,Leaving Abusive Partners with Children and Custody Fears,"Trauma Bonding, Self-Blame, and Relationship Violence",-0.1072,0.0438,-0.2128,-0.0016,True
fear,Post-Separation Harassment and Social Invalidation,Recognizing and Interpreting Abuse Dynamics,0.0147,1.0,-0.1327,0.162,False
fear,Post-Separation Harassment and Social Invalidation,Trauma Bonding and Early Recovery After Abuse,0.2401,0.0047,0.0453,0.4349,True
fear,Post-Separation Harassment and Social Invalidation,"Trauma Bonding, Self-Blame, and Relationship Violence",-0.0351,0.9944,-0.1729,0.1028,False
fear,Recognizing and Interpreting Abuse Dynamics,Trauma Bonding and Early Recovery After Abuse,0.2254,0.0053,0.0412,0.4097,True
fear,Recognizing and Interpreting Abuse Dynamics,"Trauma Bonding, Self-Blame, and Relationship Violence",-0.0497,0.9221,-0.1723,0.0729,False
fear,Trauma Bonding and Early Recovery After Abuse,"Trauma Bonding, Self-Blame, and Relationship Violence",-0.2751,0.0001,-0.4519,-0.0984,True
anticipation,Emotional Blackmail and Psychological Manipulation,"Guilt, Self-Blame, and Emotional Coercion",0.0089,0.9996,-0.0431,0.0608,False
anticipation,Emotional Blackmail and Psychological Manipulation,Healing and Emotional Recovery After Leaving Abuse,0.0086,0.9996,-0.0419,0.0591,False
anticipation,Emotional Blackmail and Psychological Manipulation,Leaving Abusive Partners with Children and Custody Fears,-0.0128,0.9897,-0.0584,0.0327,False
anticipation,Emotional Blackmail and Psychological Manipulation,Post-Separation Harassment and Social Invalidation,-0.0027,1.0,-0.0532,0.0478,False
anticipation,Emotional Blackmail and Psychological Manipulation,Recognizing and Interpreting Abuse Dynamics,0.0287,0.6084,-0.0193,0.0768,False
anticipation,Emotional Blackmail and Psychological Manipulation,Trauma Bonding and Early Recovery After Abuse,0.0192,0.9718,-0.0381,0.0765,False
anticipation,Emotional Blackmail and Psychological Manipulation,"Trauma Bonding, Self-Blame, and Relationship Violence",-0.0026,1.0,-0.0489,0.0437,False
anticipation,"Guilt, Self-Blame, and Emotional Coercion",Healing and Emotional Recovery After Leaving Abuse,-0.0003,1.0,-0.0415,0.041,False
anticipation,"Guilt, Self-Blame, and Emotional Coercion",Leaving Abusive Partners with Children and Custody Fears,-0.0217,0.5648,-0.0567,0.0134,False
anticipation,"Guilt, Self-Blame, and Emotional Coercion",Post-Separation Harassment and Social Invalidation,-0.0115,0.9901,-0.0528,0.0297,False
anticipation,"Guilt, Self-Blame, and Emotional Coercion",Recognizing and Interpreting Abuse Dynamics,0.0199,0.7623,-0.0184,0.0581,False
anticipation,"Guilt, Self-Blame, and Emotional Coercion",Trauma Bonding and Early Recovery After Abuse,0.0103,0.9984,-0.0391,0.0598,False
anticipation,"Guilt, Self-Blame, and Emotional Coercion","Trauma Bonding, Self-Blame, and Relationship Violence",-0.0115,0.9788,-0.0475,0.0246,False
anticipation,Healing and Emotional Recovery After Leaving Abuse,Leaving Abusive Partners with Children and Custody Fears,-0.0214,0.495,-0.0542,0.0114,False
anticipation,Healing and Emotional Recovery After Leaving Abuse,Post-Separation Harassment and Social Invalidation,-0.0113,0.9887,-0.0507,0.0281,False
anticipation,Healing and Emotional Recovery After Leaving Abuse,Recognizing and Interpreting Abuse Dynamics,0.0202,0.6927,-0.0161,0.0564,False
anticipation,Healing and Emotional Recovery After Leaving Abuse,Trauma Bonding and Early Recovery After Abuse,0.0106,0.9976,-0.0372,0.0585,False
anticipation,Healing and Emotional Recovery After Leaving Abuse,"Trauma Bonding, Self-Blame, and Relationship Violence",-0.0112,0.9739,-0.0451,0.0227,False
anticipation,Leaving Abusive Partners with Children and Custody Fears,Post-Separation Harassment and Social Invalidation,0.0101,0.9822,-0.0227,0.043,False
anticipation,Leaving Abusive Partners with Children and Custody Fears,Recognizing and Interpreting Abuse Dynamics,0.0416,0.0004,0.0126,0.0705,True
anticipation,Leaving Abusive Partners with Children and Custody Fears,Trauma Bonding and Early Recovery After Abuse,0.032,0.3033,-0.0106,0.0746,False
anticipation,Leaving Abusive Partners with Children and Custody Fears,"Trauma Bonding, Self-Blame, and Relationship Violence",0.0102,0.9331,-0.0157,0.0362,False
anticipation,Post-Separation Harassment and Social Invalidation,Recognizing and Interpreting Abuse Dynamics,0.0314,0.1443,-0.0048,0.0676,False
anticipation,Post-Separation Harassment and Social Invalidation,Trauma Bonding and Early Recovery After Abuse,0.0219,0.8618,-0.026,0.0697,False
anticipation,Post-Separation Harassment and Social Invalidation,"Trauma Bonding, Self-Blame, and Relationship Violence",0.0001,1.0,-0.0338,0.0339,False
anticipation,Recognizing and Interpreting Abuse Dynamics,Trauma Bonding and Early Recovery After Abuse,-0.0095,0.9983,-0.0548,0.0357,False
anticipation,Recognizing and Interpreting Abuse Dynamics,"Trauma Bonding, Self-Blame, and Relationship Violence",-0.0313,0.0345,-0.0615,-0.0012,True
anticipation,Trauma Bonding and Early Recovery After Abuse,"Trauma Bonding, Self-Blame, and Relationship Violence",-0.0218,0.7927,-0.0652,0.0216,False
surprise,Emotional Blackmail and Psychological Manipulation,"Guilt, Self-Blame, and Emotional Coercion",0.0042,0.9998,-0.0228,0.0312,False
surprise,Emotional Blackmail and Psychological Manipulation,Healing and Emotional Recovery After Leaving Abuse,0.0224,0.1593,-0.0038,0.0487,False
surprise,Emotional Blackmail and Psychological Manipulation,Leaving Abusive Partners with Children and Custody Fears,0.0021,1.0,-0.0216,0.0258,False
surprise,Emotional Blackmail and Psychological Manipulation,Post-Separation Harassment and Social Invalidation,0.0055,0.9984,-0.0208,0.0318,False
surprise,Emotional Blackmail and Psychological Manipulation,Recognizing and Interpreting Abuse Dynamics,0.0093,0.9506,-0.0157,0.0343,False
surprise,Emotional Blackmail and Psychological Manipulation,Trauma Bonding and Early Recovery After Abuse,0.0127,0.8999,-0.0171,0.0426,False
surprise,Emotional Blackmail and Psychological Manipulation,"Trauma Bonding, Self-Blame, and Relationship Violence",0.0152,0.5351,-0.0088,0.0393,False
surprise,"Guilt, Self-Blame, and Emotional Coercion",Healing and Emotional Recovery After Leaving Abuse,0.0182,0.1646,-0.0032,0.0397,False
surprise,"Guilt, Self-Blame, and Emotional Coercion",Leaving Abusive Partners with Children and Custody Fears,-0.0021,1.0,-0.0203,0.0162,False
surprise,"Guilt, Self-Blame, and Emotional Coercion",Post-Separation Harassment and Social Invalidation,0.0013,1.0,-0.0202,0.0227,False
surprise,"Guilt, Self-Blame, and Emotional Coercion",Recognizing and Interpreting Abuse Dynamics,0.0051,0.9943,-0.0148,0.025,False
surprise,"Guilt, Self-Blame, and Emotional Coercion",Trauma Bonding and Early Recovery After Abuse,0.0085,0.9731,-0.0172,0.0342,False
surprise,"Guilt, Self-Blame, and Emotional Coercion","Trauma Bonding, Self-Blame, and Relationship Violence",0.011,0.6262,-0.0077,0.0298,False
surprise,Healing and Emotional Recovery After Leaving Abuse,Leaving Abusive Partners with Children and Custody Fears,-0.0203,0.0077,-0.0374,-0.0032,True
surprise,Healing and Emotional Recovery After Leaving Abuse,Post-Separation Harassment and Social Invalidation,-0.0169,0.1918,-0.0374,0.0036,False
surprise,Healing and Emotional Recovery After Leaving Abuse,Recognizing and Interpreting Abuse Dynamics,-0.0131,0.4021,-0.032,0.0057,False
surprise,Healing and Emotional Recovery After Leaving Abuse,Trauma Bonding and Early Recovery After Abuse,-0.0097,0.9367,-0.0346,0.0152,False
surprise,Healing and Emotional Recovery After Leaving Abuse,"Trauma Bonding, Self-Blame, and Relationship Violence",-0.0072,0.9205,-0.0248,0.0104,False
surprise,Leaving Abusive Partners with Children and Custody Fears,Post-Separation Harassment and Social Invalidation,0.0034,0.9989,-0.0137,0.0204,False
surprise,Leaving Abusive Partners with Children and Custody Fears,Recognizing and Interpreting Abuse Dynamics,0.0071,0.8364,-0.0079,0.0222,False
surprise,Leaving Abusive Partners with Children and Custody Fears,Trauma Bonding and Early Recovery After Abuse,0.0106,0.8315,-0.0116,0.0328,False
surprise,Leaving Abusive Partners with Children and Custody Fears,"Trauma Bonding, Self-Blame, and Relationship Violence",0.0131,0.0636,-0.0004,0.0266,False
surprise,Post-Separation Harassment and Social Invalidation,Recognizing and Interpreting Abuse Dynamics,0.0038,0.9987,-0.015,0.0226,False
surprise,Post-Separation Harassment and Social Invalidation,Trauma Bonding and Early Recovery After Abuse,0.0072,0.9874,-0.0176,0.0321,False
surprise,Post-Separation Harassment and Social Invalidation,"Trauma Bonding, Self-Blame, and Relationship Violence",0.0098,0.6981,-0.0079,0.0274,False
surprise,Recognizing and Interpreting Abuse Dynamics,Trauma Bonding and Early Recovery After Abuse,0.0035,0.9998,-0.0201,0.027,False
surprise,Recognizing and Interpreting Abuse Dynamics,"Trauma Bonding, Self-Blame, and Relationship Violence",0.006,0.9433,-0.0097,0.0216,False
surprise,Trauma Bonding and Early Recovery After Abuse,"Trauma Bonding, Self-Blame, and Relationship Violence",0.0025,1.0,-0.0201,0.0251,False
